<?xml version="1.0" encoding="UTF-8"?>
<!DOCTYPE mapper PUBLIC "-//mybatis.org//DTD Mapper 3.0//EN"
        "http://mybatis.org/dtd/mybatis-3-mapper.dtd">
<mapper namespace="com.example.blog_master.mapper.BlogMapper">
    <update id="updateBlog" parameterType="com.example.blog_master.pojo.Blog">
        update Blog
<set>
    <if test="title != null">
        title = #{title},
    </if>
    <if test="created != null">
        created = #{created},
    </if>
    <if test="content != null">
        content = #{content},
    </if>
</set>
            where  blogId=#{blogId}
    </update>
</mapper>